-- MySQL dump 10.13  Distrib 8.0.23, for macos10.15 (x86_64)
--
-- Host: localhost    Database: petshop
-- ------------------------------------------------------
-- Server version	8.0.23

/*!40101 SET @OLD_CHARACTER_SET_CLIENT=@@CHARACTER_SET_CLIENT */;
/*!40101 SET @OLD_CHARACTER_SET_RESULTS=@@CHARACTER_SET_RESULTS */;
/*!40101 SET @OLD_COLLATION_CONNECTION=@@COLLATION_CONNECTION */;
/*!50503 SET NAMES utf8mb4 */;
/*!40103 SET @OLD_TIME_ZONE=@@TIME_ZONE */;
/*!40103 SET TIME_ZONE='+00:00' */;
/*!40014 SET @OLD_UNIQUE_CHECKS=@@UNIQUE_CHECKS, UNIQUE_CHECKS=0 */;
/*!40014 SET @OLD_FOREIGN_KEY_CHECKS=@@FOREIGN_KEY_CHECKS, FOREIGN_KEY_CHECKS=0 */;
/*!40101 SET @OLD_SQL_MODE=@@SQL_MODE, SQL_MODE='NO_AUTO_VALUE_ON_ZERO' */;
/*!40111 SET @OLD_SQL_NOTES=@@SQL_NOTES, SQL_NOTES=0 */;

--
-- Table structure for table `countries`
--

DROP TABLE IF EXISTS `countries`;
/*!40101 SET @saved_cs_client     = @@character_set_client */;
/*!50503 SET character_set_client = utf8mb4 */;
CREATE TABLE `countries` (
  `id` int unsigned NOT NULL AUTO_INCREMENT COMMENT 'Идентификатор строки',
  `name` varchar(255) CHARACTER SET utf8mb4 COLLATE utf8mb4_unicode_ci NOT NULL COMMENT 'Название страны',
  `currency_id` int unsigned NOT NULL COMMENT 'Ссылка на валюту страны',
  `created_at` datetime DEFAULT CURRENT_TIMESTAMP COMMENT 'Время создания строки',
  PRIMARY KEY (`id`),
  UNIQUE KEY `name` (`name`),
  KEY `countries_currency_id_fk` (`currency_id`),
  CONSTRAINT `countries_currency_id_fk` FOREIGN KEY (`currency_id`) REFERENCES `currencies` (`id`) ON DELETE CASCADE
) ENGINE=InnoDB AUTO_INCREMENT=101 DEFAULT CHARSET=utf8mb4 COLLATE=utf8mb4_unicode_ci COMMENT='Страны';
/*!40101 SET character_set_client = @saved_cs_client */;

--
-- Dumping data for table `countries`
--

LOCK TABLES `countries` WRITE;
/*!40000 ALTER TABLE `countries` DISABLE KEYS */;
INSERT INTO `countries` VALUES (1,'Panama',1,'2017-05-01 05:33:03'),(2,'Honduras',3,'2019-01-11 23:47:17'),(3,'Bulgaria',1,'2016-06-01 18:06:03'),(4,'New Zealand',3,'2015-02-07 04:55:58'),(5,'Reunion',3,'2017-10-07 05:39:28'),(6,'Tuvalu',2,'2013-10-03 08:45:31'),(7,'Brunei Darussalam',1,'2015-09-09 10:41:20'),(8,'Somalia',3,'2019-06-10 00:36:34'),(9,'Wallis and Futuna',2,'2020-11-16 05:06:21'),(10,'Nigeria',4,'2012-01-08 22:01:40'),(11,'Bhutan',2,'2018-11-03 16:48:40'),(12,'Iceland',2,'2011-11-13 22:24:04'),(13,'Georgia',1,'2012-03-23 10:05:01'),(14,'Oman',3,'2017-06-04 19:27:42'),(15,'Marshall Islands',2,'2012-03-12 11:49:58'),(16,'Senegal',2,'2012-07-16 02:34:38'),(17,'Antigua and Barbuda',2,'2018-07-12 06:25:33'),(18,'Latvia',2,'2014-07-30 09:01:13'),(19,'Afghanistan',4,'2013-04-24 13:07:17'),(20,'Ghana',2,'2015-08-29 03:14:39'),(21,'Azerbaijan',4,'2012-12-28 21:20:44'),(22,'Czech Republic',2,'2016-08-06 06:00:11'),(23,'Argentina',3,'2013-06-27 16:53:52'),(24,'United Kingdom',1,'2015-10-05 14:09:50'),(25,'Paraguay',4,'2020-02-04 02:32:04'),(26,'Denmark',3,'2019-12-21 16:26:19'),(27,'Kiribati',3,'2011-07-30 21:38:26'),(28,'British Virgin Islands',2,'2015-02-27 07:36:51'),(29,'Palau',1,'2012-11-23 19:54:48'),(30,'Japan',3,'2016-04-08 02:50:29'),(31,'Seychelles',3,'2017-10-12 05:41:05'),(32,'Vanuatu',3,'2015-06-01 16:31:52'),(33,'Bolivia',1,'2017-12-18 17:11:22'),(34,'Germany',4,'2013-07-20 10:23:03'),(35,'Rwanda',2,'2019-02-08 11:03:30'),(36,'Benin',4,'2021-02-25 17:29:03'),(37,'Burkina Faso',1,'2016-02-10 09:21:49'),(38,'Liberia',4,'2019-04-28 18:33:37'),(39,'Bosnia and Herzegovina',3,'2015-07-01 03:26:12'),(40,'Malawi',3,'2012-04-02 23:51:23'),(41,'Bangladesh',4,'2015-06-20 01:54:34'),(42,'Saint Martin',1,'2011-10-05 08:51:35'),(43,'Algeria',4,'2017-06-22 07:28:16'),(44,'Norfolk Island',4,'2019-06-27 18:14:15'),(45,'Cape Verde',3,'2018-07-16 04:39:44'),(46,'Djibouti',4,'2017-06-04 02:18:14'),(47,'Niue',1,'2018-10-07 08:43:50'),(48,'South Africa',2,'2014-12-11 14:21:13'),(49,'Bahamas',2,'2015-04-09 20:30:20'),(50,'Norway',4,'2015-08-23 02:57:15'),(51,'Christmas Island',2,'2018-09-12 04:19:49'),(52,'Indonesia',1,'2020-04-18 23:54:07'),(53,'Nepal',1,'2012-10-12 06:49:35'),(54,'Mayotte',1,'2015-12-30 10:16:13'),(55,'Ukraine',1,'2016-06-22 15:38:01'),(56,'Bermuda',3,'2016-05-06 20:13:46'),(57,'Namibia',2,'2018-05-30 15:15:03'),(58,'Belgium',3,'2012-10-24 07:53:26'),(59,'Dominica',4,'2013-03-14 08:18:11'),(60,'Greece',1,'2013-09-15 21:42:11'),(61,'Fiji',1,'2011-07-08 09:37:13'),(62,'Iraq',2,'2014-09-13 05:26:43'),(63,'Chad',4,'2017-07-05 16:29:38'),(64,'Swaziland',3,'2012-06-30 14:23:08'),(65,'Hungary',3,'2013-08-17 22:47:32'),(66,'Iran',4,'2015-04-09 20:37:53'),(67,'Cocos (Keeling) Islands',2,'2018-03-16 00:02:18'),(68,'Cayman Islands',1,'2012-02-05 10:18:49'),(69,'Venezuela',2,'2014-01-18 18:40:49'),(70,'Haiti',4,'2012-06-15 08:16:48'),(71,'Guam',3,'2014-01-21 19:18:56'),(72,'Romania',1,'2019-11-14 17:34:17'),(73,'Togo',2,'2015-01-31 14:00:07'),(74,'Montserrat',2,'2012-07-18 14:31:10'),(75,'Tokelau',4,'2020-08-13 05:06:50'),(76,'Uruguay',3,'2011-05-11 14:53:04'),(77,'Congo',3,'2019-01-22 10:59:32'),(78,'Tanzania',3,'2016-11-23 01:11:02'),(79,'Israel',1,'2017-04-28 20:13:03'),(80,'Heard Island and McDonald Islands',2,'2014-08-22 13:02:09'),(81,'Sierra Leone',4,'2016-01-17 13:33:42'),(82,'Monaco',4,'2014-04-02 14:18:04'),(83,'Qatar',4,'2015-02-14 13:44:00'),(84,'Slovakia (Slovak Republic)',3,'2013-04-07 03:06:43'),(85,'Saint Vincent and the Grenadines',1,'2013-02-26 16:35:25'),(86,'Guadeloupe',2,'2020-03-17 07:34:09'),(87,'Falkland Islands (Malvinas)',3,'2013-09-26 16:07:28'),(88,'United States Virgin Islands',2,'2013-08-23 01:26:36'),(89,'Peru',2,'2018-09-29 23:48:21'),(90,'Angola',3,'2012-02-22 20:17:06'),(91,'Jamaica',3,'2016-05-14 19:07:35'),(92,'Lao People\'s Democratic Republic',2,'2012-01-14 08:10:57'),(93,'Italy',1,'2019-09-28 09:59:41'),(94,'Isle of Man',3,'2019-12-19 07:11:54'),(95,'Bahrain',1,'2018-07-06 12:34:02'),(96,'Madagascar',1,'2011-06-12 19:20:17'),(97,'Palestinian Territory',1,'2020-03-07 17:55:12'),(98,'Libyan Arab Jamahiriya',4,'2016-02-17 14:22:03'),(99,'Guatemala',4,'2019-01-29 18:55:17'),(100,'Bouvet Island (Bouvetoya)',4,'2020-03-30 17:55:57');
/*!40000 ALTER TABLE `countries` ENABLE KEYS */;
UNLOCK TABLES;

--
-- Table structure for table `currencies`
--

DROP TABLE IF EXISTS `currencies`;
/*!40101 SET @saved_cs_client     = @@character_set_client */;
/*!50503 SET character_set_client = utf8mb4 */;
CREATE TABLE `currencies` (
  `id` int unsigned NOT NULL AUTO_INCREMENT COMMENT 'Идентификатор строки',
  `name` enum('Euro','US dollar','Russian Ruble','Chinese yuan') CHARACTER SET utf8mb4 COLLATE utf8mb4_unicode_ci NOT NULL COMMENT 'Наименование валюты',
  `iso_code` enum('EUR','USD','RUB','CNY') CHARACTER SET utf8mb4 COLLATE utf8mb4_unicode_ci NOT NULL COMMENT 'Сокращенное наименование валюты',
  `created_at` datetime DEFAULT CURRENT_TIMESTAMP COMMENT 'Время создания строки',
  `updated_at` datetime DEFAULT CURRENT_TIMESTAMP ON UPDATE CURRENT_TIMESTAMP COMMENT 'Время обновления строки',
  PRIMARY KEY (`id`)
) ENGINE=InnoDB AUTO_INCREMENT=5 DEFAULT CHARSET=utf8mb4 COLLATE=utf8mb4_unicode_ci COMMENT='Валюты';
/*!40101 SET character_set_client = @saved_cs_client */;

--
-- Dumping data for table `currencies`
--

LOCK TABLES `currencies` WRITE;
/*!40000 ALTER TABLE `currencies` DISABLE KEYS */;
INSERT INTO `currencies` VALUES (1,'Euro','CNY','2018-03-07 19:38:51','2021-04-29 20:32:48'),(2,'Russian Ruble','EUR','2016-02-25 15:01:05','2017-10-26 20:45:42'),(3,'Chinese yuan','RUB','2013-07-01 07:35:16','2019-10-25 17:24:45'),(4,'US dollar','USD','2019-01-12 06:27:59','2021-04-29 20:32:48');
/*!40000 ALTER TABLE `currencies` ENABLE KEYS */;
UNLOCK TABLES;

--
-- Temporary view structure for view `food`
--

DROP TABLE IF EXISTS `food`;
/*!50001 DROP VIEW IF EXISTS `food`*/;
SET @saved_cs_client     = @@character_set_client;
/*!50503 SET character_set_client = utf8mb4 */;
/*!50001 CREATE VIEW `food` AS SELECT 
 1 AS `id`,
 1 AS `name`,
 1 AS `price`,
 1 AS `product_category`,
 1 AS `warehouse_quantity`*/;
SET character_set_client = @saved_cs_client;

--
-- Temporary view structure for view `order_delivery`
--

DROP TABLE IF EXISTS `order_delivery`;
/*!50001 DROP VIEW IF EXISTS `order_delivery`*/;
SET @saved_cs_client     = @@character_set_client;
/*!50503 SET character_set_client = utf8mb4 */;
/*!50001 CREATE VIEW `order_delivery` AS SELECT 
 1 AS `id`,
 1 AS `order_status`,
 1 AS `user_id`,
 1 AS `country_id`,
 1 AS `created_at`*/;
SET character_set_client = @saved_cs_client;

--
-- Table structure for table `orders`
--

DROP TABLE IF EXISTS `orders`;
/*!40101 SET @saved_cs_client     = @@character_set_client */;
/*!50503 SET character_set_client = utf8mb4 */;
CREATE TABLE `orders` (
  `id` int unsigned NOT NULL AUTO_INCREMENT COMMENT 'Идентификатор строки',
  `user_id` int unsigned NOT NULL COMMENT 'Ссылка на того, кто заказал',
  `order_status` enum('Оформлен','Не оформлен','Доставлен','Отгружен') CHARACTER SET utf8mb4 COLLATE utf8mb4_unicode_ci NOT NULL COMMENT 'Статус',
  `country_id` int unsigned NOT NULL COMMENT 'Ссылка на страну доставки',
  `created_at` datetime DEFAULT CURRENT_TIMESTAMP COMMENT 'Время создания строки',
  `updated_at` datetime DEFAULT CURRENT_TIMESTAMP ON UPDATE CURRENT_TIMESTAMP COMMENT 'Время обновления строки',
  PRIMARY KEY (`id`),
  KEY `orders_user_id_fk` (`user_id`),
  KEY `orders_country_id_fk` (`country_id`),
  CONSTRAINT `orders_country_id_fk` FOREIGN KEY (`country_id`) REFERENCES `countries` (`id`) ON DELETE CASCADE,
  CONSTRAINT `orders_user_id_fk` FOREIGN KEY (`user_id`) REFERENCES `users` (`id`)
) ENGINE=InnoDB AUTO_INCREMENT=101 DEFAULT CHARSET=utf8mb4 COLLATE=utf8mb4_unicode_ci COMMENT='Заказы';
/*!40101 SET character_set_client = @saved_cs_client */;

--
-- Dumping data for table `orders`
--

LOCK TABLES `orders` WRITE;
/*!40000 ALTER TABLE `orders` DISABLE KEYS */;
INSERT INTO `orders` VALUES (1,9,'Оформлен',52,'2020-04-27 22:58:14','2021-06-24 22:43:27'),(2,33,'Отгружен',8,'2017-04-18 22:52:31','2021-06-24 22:43:27'),(3,41,'Не оформлен',81,'2013-08-30 01:05:27','2021-06-24 22:43:27'),(4,80,'Оформлен',57,'2015-05-10 08:51:45','2021-06-24 22:43:27'),(5,43,'Оформлен',44,'2021-03-08 08:10:23','2021-06-24 22:43:27'),(6,93,'Оформлен',31,'2012-12-10 10:34:35','2021-06-24 22:43:27'),(7,74,'Доставлен',79,'2014-12-19 19:04:58','2021-06-24 22:43:27'),(8,70,'Доставлен',13,'2012-12-08 20:06:41','2021-06-24 22:43:27'),(9,57,'Не оформлен',43,'2016-08-22 20:40:47','2021-06-24 22:43:27'),(10,46,'Отгружен',99,'2018-03-23 14:53:43','2021-06-24 22:43:27'),(11,57,'Отгружен',86,'2018-05-17 10:33:20','2021-06-24 22:43:27'),(12,60,'Отгружен',40,'2018-03-30 20:43:16','2021-06-24 22:43:27'),(13,18,'Не оформлен',72,'2015-05-09 15:22:04','2021-06-24 22:43:27'),(14,7,'Оформлен',16,'2017-05-06 18:00:15','2021-06-24 22:43:27'),(15,58,'Доставлен',42,'2019-12-16 05:50:38','2021-06-24 22:43:27'),(16,35,'Оформлен',48,'2015-02-19 16:06:13','2021-06-24 22:43:27'),(17,35,'Оформлен',30,'2020-05-12 06:41:16','2021-06-24 22:43:27'),(18,46,'Оформлен',40,'2016-09-16 04:47:40','2021-06-24 22:43:27'),(19,61,'Не оформлен',83,'2016-06-06 13:15:37','2021-06-24 22:43:27'),(20,30,'Оформлен',4,'2020-10-22 19:39:19','2021-06-24 22:43:27'),(21,27,'Не оформлен',25,'2012-04-13 06:04:40','2021-06-24 22:43:27'),(22,43,'Доставлен',37,'2019-09-24 19:12:56','2021-06-24 22:43:27'),(23,58,'Отгружен',78,'2020-08-25 16:51:53','2021-06-24 22:43:27'),(24,14,'Не оформлен',37,'2014-11-11 20:50:21','2021-06-24 22:43:27'),(25,44,'Не оформлен',7,'2017-08-16 11:40:42','2021-06-24 22:43:27'),(26,3,'Не оформлен',95,'2014-08-03 08:42:30','2021-06-24 22:43:27'),(27,64,'Доставлен',36,'2013-06-28 23:51:44','2021-06-24 22:43:27'),(28,88,'Отгружен',30,'2015-09-20 04:16:22','2021-06-24 22:43:27'),(29,86,'Отгружен',38,'2017-10-06 12:39:03','2021-06-24 22:43:27'),(30,33,'Доставлен',50,'2016-12-26 08:23:08','2021-06-24 22:43:27'),(31,53,'Доставлен',11,'2011-10-09 17:27:43','2021-06-24 22:43:27'),(32,97,'Не оформлен',50,'2012-04-07 00:21:26','2021-06-24 22:43:27'),(33,60,'Оформлен',49,'2012-07-04 20:07:31','2021-06-24 22:43:27'),(34,63,'Не оформлен',70,'2020-01-20 01:55:16','2021-06-24 22:43:27'),(35,60,'Оформлен',90,'2016-04-28 21:39:20','2021-06-24 22:43:27'),(36,67,'Оформлен',66,'2015-06-26 03:32:26','2021-06-24 22:43:27'),(37,28,'Отгружен',43,'2015-08-26 17:19:08','2021-06-24 22:43:27'),(38,29,'Оформлен',15,'2017-10-06 03:51:48','2021-06-24 22:43:27'),(39,89,'Не оформлен',100,'2017-03-26 17:14:49','2021-06-24 22:43:27'),(40,30,'Отгружен',51,'2014-09-18 12:29:40','2021-06-24 22:43:27'),(41,64,'Оформлен',66,'2015-08-05 21:44:09','2021-06-24 22:43:27'),(42,36,'Доставлен',83,'2017-09-03 04:15:43','2021-06-24 22:43:27'),(43,6,'Отгружен',79,'2019-03-18 07:21:54','2021-06-24 22:43:27'),(44,77,'Доставлен',47,'2019-04-17 18:49:54','2021-06-24 22:43:27'),(45,4,'Доставлен',79,'2020-12-30 00:57:58','2021-06-24 22:43:27'),(46,82,'Отгружен',71,'2014-11-28 21:23:06','2021-06-24 22:43:27'),(47,10,'Не оформлен',35,'2016-01-06 23:52:52','2021-06-24 22:43:27'),(48,44,'Не оформлен',14,'2018-06-10 03:02:11','2021-06-24 22:43:27'),(49,37,'Доставлен',42,'2015-03-05 18:54:43','2021-06-24 22:43:27'),(50,100,'Отгружен',73,'2015-03-22 12:11:01','2021-06-24 22:43:27'),(51,64,'Доставлен',100,'2012-12-28 15:58:43','2021-06-24 22:43:27'),(52,9,'Доставлен',43,'2017-08-06 20:55:57','2021-06-24 22:43:27'),(53,90,'Не оформлен',18,'2021-03-29 19:44:51','2021-06-24 22:43:27'),(54,19,'Доставлен',43,'2012-08-16 13:20:36','2021-06-24 22:43:27'),(55,58,'Доставлен',59,'2013-01-20 18:54:36','2021-06-24 22:43:27'),(56,21,'Доставлен',26,'2015-08-03 15:25:12','2021-06-24 22:43:27'),(57,67,'Отгружен',59,'2018-03-31 04:32:32','2021-06-24 22:43:27'),(58,90,'Не оформлен',75,'2019-12-24 01:50:18','2021-06-24 22:43:27'),(59,2,'Доставлен',85,'2017-09-16 12:50:35','2021-06-24 22:43:27'),(60,17,'Доставлен',31,'2013-07-10 21:33:21','2021-06-24 22:43:27'),(61,1,'Оформлен',15,'2015-03-10 06:56:58','2021-06-24 22:43:27'),(62,70,'Отгружен',3,'2019-12-11 21:39:56','2021-06-24 22:43:27'),(63,5,'Отгружен',17,'2014-09-09 17:33:50','2021-06-24 22:43:27'),(64,67,'Не оформлен',87,'2019-10-13 07:56:10','2021-06-24 22:43:27'),(65,30,'Не оформлен',89,'2016-05-27 13:03:21','2021-06-24 22:43:27'),(66,57,'Доставлен',15,'2020-09-07 09:31:25','2021-06-24 22:43:27'),(67,4,'Не оформлен',75,'2011-06-12 03:50:17','2021-06-24 22:43:27'),(68,62,'Не оформлен',86,'2016-03-13 05:18:50','2021-06-24 22:43:27'),(69,43,'Отгружен',58,'2018-01-17 20:13:31','2021-06-24 22:43:27'),(70,60,'Отгружен',27,'2018-10-18 10:46:05','2021-06-24 22:43:27'),(71,51,'Не оформлен',76,'2018-08-07 13:05:36','2021-06-24 22:43:27'),(72,25,'Доставлен',98,'2012-06-07 10:00:53','2021-06-24 22:43:27'),(73,14,'Отгружен',76,'2015-04-15 06:31:39','2021-06-24 22:43:27'),(74,38,'Отгружен',60,'2012-07-27 15:07:25','2021-06-24 22:43:27'),(75,88,'Доставлен',58,'2017-07-06 16:46:37','2021-06-24 22:43:27'),(76,26,'Отгружен',57,'2016-08-10 21:16:13','2021-06-24 22:43:27'),(77,4,'Отгружен',48,'2017-06-02 13:32:08','2021-06-24 22:43:27'),(78,29,'Доставлен',1,'2011-08-27 18:21:05','2021-06-24 22:43:27'),(79,15,'Не оформлен',72,'2016-01-20 12:17:57','2021-06-24 22:43:27'),(80,15,'Оформлен',57,'2015-08-29 08:33:24','2021-06-24 22:43:27'),(81,39,'Оформлен',25,'2016-08-23 22:48:58','2021-06-24 22:43:27'),(82,6,'Не оформлен',54,'2017-03-26 00:20:41','2021-06-24 22:43:27'),(83,53,'Доставлен',100,'2011-12-15 14:20:45','2021-06-24 22:43:27'),(84,43,'Отгружен',13,'2015-10-12 14:25:11','2021-06-24 22:43:27'),(85,35,'Отгружен',34,'2016-05-27 18:26:24','2021-06-24 22:43:27'),(86,68,'Отгружен',34,'2014-06-07 14:01:16','2021-06-24 22:43:27'),(87,68,'Отгружен',38,'2013-04-02 08:22:55','2021-06-24 22:43:27'),(88,84,'Отгружен',6,'2019-02-13 02:10:16','2021-06-24 22:43:27'),(89,77,'Доставлен',66,'2011-08-04 15:03:12','2021-06-24 22:43:27'),(90,99,'Доставлен',99,'2015-05-19 21:54:48','2021-06-24 22:43:27'),(91,94,'Отгружен',72,'2015-10-19 10:08:41','2021-06-24 22:43:27'),(92,80,'Оформлен',84,'2012-04-23 12:46:09','2021-06-24 22:43:27'),(93,78,'Не оформлен',38,'2018-10-14 14:46:33','2021-06-24 22:43:27'),(94,56,'Доставлен',65,'2018-08-04 19:00:47','2021-06-24 22:43:27'),(95,58,'Не оформлен',93,'2014-08-17 20:39:47','2021-06-24 22:43:27'),(96,89,'Доставлен',68,'2014-04-07 23:13:12','2021-06-24 22:43:27'),(97,72,'Оформлен',55,'2018-01-22 00:33:42','2021-06-24 22:43:27'),(98,59,'Доставлен',30,'2013-04-22 14:17:41','2021-06-24 22:43:27'),(99,71,'Доставлен',64,'2012-08-09 22:41:55','2021-06-24 22:43:27'),(100,8,'Доставлен',47,'2015-12-17 14:25:49','2021-06-24 22:43:27');
/*!40000 ALTER TABLE `orders` ENABLE KEYS */;
UNLOCK TABLES;

--
-- Table structure for table `orders_products`
--

DROP TABLE IF EXISTS `orders_products`;
/*!40101 SET @saved_cs_client     = @@character_set_client */;
/*!50503 SET character_set_client = utf8mb4 */;
CREATE TABLE `orders_products` (
  `order_id` int unsigned NOT NULL COMMENT 'Ссылка на заказ',
  `product_id` int unsigned NOT NULL COMMENT 'Ссылка на товар',
  `quantity` int NOT NULL COMMENT 'Количество товаров',
  `discount` tinyint(1) DEFAULT NULL COMMENT 'Признак скидки',
  KEY `orders_products_order_id_fk` (`order_id`),
  KEY `orders_products_product_id_fk` (`product_id`),
  CONSTRAINT `orders_products_order_id_fk` FOREIGN KEY (`order_id`) REFERENCES `orders` (`id`),
  CONSTRAINT `orders_products_product_id_fk` FOREIGN KEY (`product_id`) REFERENCES `products` (`id`) ON DELETE CASCADE
) ENGINE=InnoDB DEFAULT CHARSET=utf8mb4 COLLATE=utf8mb4_unicode_ci COMMENT='Таблица для отслеживания разных товаров в заказе';
/*!40101 SET character_set_client = @saved_cs_client */;

--
-- Dumping data for table `orders_products`
--

LOCK TABLES `orders_products` WRITE;
/*!40000 ALTER TABLE `orders_products` DISABLE KEYS */;
INSERT INTO `orders_products` VALUES (1,56,10,0),(80,31,1,1),(14,77,4,0),(43,82,3,1),(80,54,9,0),(29,82,2,1),(23,68,7,0),(72,53,10,1),(49,86,5,0),(84,59,4,0),(43,36,2,0),(53,55,5,1),(15,8,10,0),(98,65,3,1),(29,50,1,0),(62,62,2,0),(20,17,10,1),(22,60,2,0),(35,92,9,0),(54,94,1,0),(9,60,3,0),(75,92,9,0),(37,8,9,1),(27,11,6,1),(73,32,8,1),(42,13,6,1),(40,60,10,0),(78,11,10,0),(20,66,3,1),(69,46,8,1),(24,82,1,1),(39,46,2,0),(15,36,4,0),(36,69,7,1),(36,72,1,1),(53,47,3,1),(75,35,4,1),(50,46,3,1),(77,48,6,0),(8,95,4,1),(53,76,10,0),(24,88,8,0),(69,82,5,1),(3,67,5,1),(28,36,8,1),(97,77,3,1),(93,35,9,0),(95,70,6,0),(62,2,4,1),(22,5,4,1),(59,78,6,0),(14,35,3,1),(32,57,8,0),(86,59,2,1),(38,11,6,0),(39,63,6,0),(98,2,2,1),(14,65,10,1),(82,13,7,0),(18,51,1,0),(1,53,4,0),(62,48,3,1),(55,30,2,1),(86,37,2,0),(26,22,6,1),(28,74,5,1),(84,100,3,1),(47,36,6,0),(38,80,1,0),(87,94,7,0),(9,60,5,1),(74,92,8,0),(34,94,10,0),(67,53,8,0),(65,66,8,0),(35,75,6,1),(71,28,3,1),(28,53,7,1),(82,52,4,0),(13,9,4,1),(5,97,2,0),(71,63,8,0),(2,18,10,0),(85,71,4,0),(1,89,5,0),(42,42,5,0),(85,96,6,0),(27,44,9,1),(42,74,8,0),(45,3,5,0),(80,88,9,1),(1,38,2,1),(90,34,5,0),(100,98,3,0),(89,51,10,1),(87,81,2,1),(44,77,3,0),(52,26,10,1),(77,6,6,1),(98,70,6,1);
/*!40000 ALTER TABLE `orders_products` ENABLE KEYS */;
UNLOCK TABLES;

--
-- Table structure for table `products`
--

DROP TABLE IF EXISTS `products`;
/*!40101 SET @saved_cs_client     = @@character_set_client */;
/*!50503 SET character_set_client = utf8mb4 */;
CREATE TABLE `products` (
  `id` int unsigned NOT NULL AUTO_INCREMENT COMMENT 'Идентификатор строки',
  `product_category` enum('Корма','Лакомства','Косметика','Игрушки','Переноски','Миски','Одежда','Аксессуары') CHARACTER SET utf8mb4 COLLATE utf8mb4_unicode_ci NOT NULL COMMENT 'Категории товаров',
  `pet` enum('Товары для собак','Товары для кошек','Для грызунов и хорьков','Товары для птиц','Товары для рыб') CHARACTER SET utf8mb4 COLLATE utf8mb4_unicode_ci NOT NULL COMMENT 'Животные',
  `supplier_id` int unsigned NOT NULL COMMENT 'Ссылка на поставщика товара',
  `name` varchar(100) CHARACTER SET utf8mb4 COLLATE utf8mb4_unicode_ci NOT NULL COMMENT 'Наименование товара',
  `price` int NOT NULL COMMENT 'Цена товара',
  `warehouse_quantity` int NOT NULL COMMENT 'Количество товаров на складе',
  `created_at` datetime DEFAULT CURRENT_TIMESTAMP COMMENT 'Время создания строки',
  `updated_at` datetime DEFAULT CURRENT_TIMESTAMP ON UPDATE CURRENT_TIMESTAMP COMMENT 'Время обновления строки',
  PRIMARY KEY (`id`),
  UNIQUE KEY `name` (`name`),
  KEY `products_supplier_id_fk` (`supplier_id`),
  CONSTRAINT `products_supplier_id_fk` FOREIGN KEY (`supplier_id`) REFERENCES `suppliers` (`id`) ON DELETE CASCADE
) ENGINE=InnoDB AUTO_INCREMENT=101 DEFAULT CHARSET=utf8mb4 COLLATE=utf8mb4_unicode_ci COMMENT='Товары';
/*!40101 SET character_set_client = @saved_cs_client */;

--
-- Dumping data for table `products`
--

LOCK TABLES `products` WRITE;
/*!40000 ALTER TABLE `products` DISABLE KEYS */;
INSERT INTO `products` VALUES (1,'Корма','Товары для рыб',6,'nesciunt',12145,55,'2019-03-03 18:32:17','2021-06-24 22:43:27'),(2,'Переноски','Товары для рыб',2,'rerum',1091,75,'2013-09-07 20:20:40','2013-01-06 06:25:25'),(3,'Аксессуары','Для грызунов и хорьков',11,'molestiae',8556,20,'2019-07-26 06:34:03','2021-06-24 22:43:27'),(4,'Миски','Товары для собак',6,'vel',15460,45,'2012-09-04 02:48:40','2021-06-24 22:43:27'),(5,'Миски','Товары для рыб',18,'esse',2804,96,'2018-02-21 22:14:02','2021-06-24 22:43:27'),(6,'Косметика','Товары для рыб',10,'nobis',15615,13,'2012-12-11 11:53:00','2021-06-24 22:43:27'),(7,'Корма','Товары для птиц',17,'quo',15674,6,'2016-03-02 12:52:05','2021-06-24 22:43:27'),(8,'Корма','Товары для птиц',15,'illo',19598,65,'2017-02-02 10:15:38','2021-06-24 22:43:27'),(9,'Корма','Товары для птиц',5,'voluptatem',19706,45,'2011-11-04 14:00:45','2021-06-24 22:43:27'),(10,'Одежда','Товары для кошек',17,'et',17213,6,'2016-10-13 17:13:26','2021-06-24 22:43:27'),(11,'Лакомства','Для грызунов и хорьков',11,'quae',13248,45,'2017-09-15 09:39:52','2014-02-21 20:55:56'),(12,'Одежда','Товары для птиц',1,'id',12404,41,'2016-11-12 03:11:40','2021-06-24 22:43:27'),(13,'Лакомства','Товары для рыб',14,'minus',19824,35,'2018-11-23 09:08:09','2021-06-24 22:43:27'),(14,'Одежда','Для грызунов и хорьков',6,'doloribus',2244,3,'2015-12-25 05:34:51','2021-06-24 22:43:27'),(15,'Корма','Товары для рыб',7,'quasi',1626,59,'2018-10-30 06:58:38','2021-06-24 22:43:27'),(16,'Косметика','Товары для птиц',17,'quia',1663,17,'2013-12-19 03:29:15','2021-06-24 22:43:27'),(17,'Аксессуары','Товары для собак',5,'inventore',6325,19,'2020-10-26 11:03:11','2021-06-24 22:43:27'),(18,'Корма','Товары для собак',13,'minima',11274,37,'2017-09-11 03:50:03','2021-06-24 22:43:27'),(19,'Корма','Товары для кошек',7,'ratione',5249,93,'2015-12-09 01:22:22','2021-06-24 22:43:27'),(20,'Лакомства','Для грызунов и хорьков',19,'reiciendis',18196,83,'2013-12-25 11:26:10','2021-06-24 22:43:27'),(21,'Миски','Товары для кошек',12,'qui',7833,9,'2019-06-23 15:52:44','2021-06-24 22:43:27'),(22,'Миски','Товары для собак',3,'ea',12482,26,'2016-08-21 06:28:29','2021-06-24 22:43:27'),(23,'Одежда','Для грызунов и хорьков',20,'eos',13544,84,'2017-01-10 19:25:03','2021-06-24 22:43:27'),(24,'Косметика','Товары для птиц',8,'placeat',14075,14,'2012-09-08 13:01:01','2021-06-24 22:43:27'),(25,'Лакомства','Товары для птиц',20,'nemo',8813,97,'2013-07-06 06:30:05','2021-06-24 22:43:27'),(26,'Переноски','Товары для рыб',17,'alias',16410,63,'2014-07-07 06:03:46','2021-06-24 22:43:27'),(27,'Миски','Товары для рыб',3,'iste',14011,52,'2016-08-23 21:50:59','2021-06-24 22:43:27'),(28,'Корма','Товары для птиц',2,'quas',13561,29,'2012-09-18 09:43:33','2021-06-24 22:43:27'),(29,'Переноски','Для грызунов и хорьков',2,'quam',6523,60,'2019-12-30 06:50:35','2021-06-24 22:43:27'),(30,'Косметика','Товары для рыб',5,'a',11736,50,'2016-04-09 21:43:53','2021-06-24 22:43:27'),(31,'Аксессуары','Товары для птиц',16,'tenetur',10224,50,'2013-06-26 21:41:50','2021-06-24 22:43:27'),(32,'Косметика','Товары для собак',6,'nostrum',14040,31,'2020-07-13 22:11:44','2021-06-24 22:43:27'),(33,'Косметика','Товары для собак',3,'incidunt',16001,45,'2013-08-31 00:13:06','2021-06-24 22:43:27'),(34,'Миски','Для грызунов и хорьков',15,'blanditiis',19793,91,'2018-03-04 15:10:13','2021-06-24 22:43:27'),(35,'Лакомства','Для грызунов и хорьков',4,'eligendi',2099,80,'2019-11-01 01:34:24','2021-06-24 22:43:27'),(36,'Лакомства','Для грызунов и хорьков',17,'aspernatur',15642,2,'2020-05-17 05:10:07','2021-06-24 22:43:27'),(37,'Корма','Товары для кошек',12,'ut',6585,46,'2020-02-05 16:36:50','2021-06-24 22:43:27'),(38,'Миски','Товары для птиц',8,'porro',2355,53,'2013-12-05 23:12:47','2021-06-24 22:43:27'),(39,'Корма','Товары для рыб',5,'amet',19629,30,'2011-09-17 16:45:08','2021-06-24 22:43:27'),(40,'Миски','Товары для собак',19,'consequatur',2522,41,'2020-01-04 01:04:48','2021-06-24 22:43:27'),(41,'Косметика','Товары для собак',2,'natus',10493,9,'2021-01-26 19:35:02','2021-06-24 22:43:27'),(42,'Корма','Товары для кошек',11,'corrupti',16346,35,'2011-12-31 16:53:35','2021-06-24 22:43:27'),(43,'Лакомства','Товары для кошек',7,'est',12275,91,'2016-08-17 23:36:42','2021-06-24 22:43:27'),(44,'Корма','Товары для собак',2,'earum',10623,14,'2019-05-27 03:33:55','2021-06-24 22:43:27'),(45,'Лакомства','Товары для собак',7,'culpa',4927,12,'2015-09-30 20:55:19','2021-06-24 22:43:27'),(46,'Аксессуары','Товары для птиц',9,'autem',4499,93,'2020-10-05 06:27:31','2021-06-24 22:43:27'),(47,'Переноски','Товары для собак',6,'nisi',8710,65,'2018-10-19 23:01:26','2021-06-24 22:43:27'),(48,'Косметика','Товары для птиц',1,'quod',11341,13,'2019-05-22 21:39:17','2021-06-24 22:43:27'),(49,'Лакомства','Товары для рыб',9,'odio',2376,20,'2016-01-18 03:05:34','2012-10-15 07:10:42'),(50,'Миски','Товары для кошек',18,'dolorem',16570,17,'2012-08-08 00:06:28','2021-06-24 22:43:27'),(51,'Корма','Товары для рыб',6,'ex',9447,63,'2014-08-27 03:23:45','2021-06-24 22:43:27'),(52,'Одежда','Для грызунов и хорьков',13,'nam',6309,66,'2013-12-09 18:36:26','2021-06-24 22:43:27'),(53,'Косметика','Товары для кошек',8,'perferendis',16148,19,'2018-05-09 03:39:11','2021-06-24 22:43:27'),(54,'Переноски','Товары для рыб',20,'consequuntur',19778,47,'2011-10-14 16:44:13','2021-06-24 22:43:27'),(55,'Игрушки','Товары для птиц',14,'cupiditate',7635,7,'2018-03-01 11:35:25','2021-06-24 22:43:27'),(56,'Переноски','Товары для птиц',10,'dolores',9388,48,'2016-04-02 22:53:58','2021-06-24 22:43:27'),(57,'Аксессуары','Товары для кошек',7,'accusamus',12562,51,'2013-02-19 06:13:25','2021-06-24 22:43:27'),(58,'Миски','Для грызунов и хорьков',7,'unde',9530,36,'2017-08-24 09:19:54','2021-06-24 22:43:27'),(59,'Аксессуары','Для грызунов и хорьков',10,'fugiat',17676,47,'2018-07-25 18:14:58','2021-06-24 22:43:27'),(60,'Лакомства','Товары для кошек',10,'sit',17431,50,'2015-05-17 17:16:33','2021-06-24 22:43:27'),(61,'Аксессуары','Товары для собак',1,'quibusdam',5305,58,'2018-07-18 13:57:12','2021-03-22 07:36:50'),(62,'Одежда','Товары для собак',16,'sed',17986,90,'2012-12-25 15:37:37','2021-06-24 22:43:27'),(63,'Корма','Для грызунов и хорьков',13,'tempore',6238,20,'2019-02-26 06:49:37','2021-06-24 22:43:27'),(64,'Игрушки','Товары для собак',17,'repudiandae',7622,36,'2019-11-06 19:26:16','2021-06-24 22:43:27'),(65,'Переноски','Для грызунов и хорьков',5,'sunt',8341,72,'2019-02-09 12:13:58','2012-09-30 20:42:39'),(66,'Лакомства','Товары для птиц',16,'aut',8706,16,'2019-02-25 23:42:01','2021-06-24 22:43:27'),(67,'Корма','Товары для собак',4,'recusandae',15413,86,'2015-09-10 04:16:05','2021-06-24 22:43:27'),(68,'Миски','Для грызунов и хорьков',10,'dignissimos',9929,37,'2019-07-14 06:19:51','2021-06-24 22:43:27'),(69,'Корма','Товары для кошек',18,'ad',4528,55,'2019-12-24 20:53:54','2021-06-24 22:43:27'),(70,'Лакомства','Товары для птиц',20,'eum',1878,78,'2020-01-15 08:17:29','2021-06-24 22:43:27'),(71,'Корма','Товары для собак',5,'laudantium',16667,96,'2013-08-12 02:16:02','2021-06-24 22:43:27'),(72,'Корма','Для грызунов и хорьков',3,'asperiores',1263,48,'2016-12-10 05:53:27','2021-06-24 22:43:27'),(73,'Лакомства','Товары для птиц',19,'accusantium',6042,12,'2016-08-07 02:06:13','2021-06-24 22:43:27'),(74,'Корма','Товары для собак',6,'distinctio',4174,85,'2014-11-06 06:09:17','2021-06-24 22:43:27'),(75,'Миски','Товары для рыб',11,'facilis',18101,89,'2017-05-03 22:58:42','2021-06-24 22:43:27'),(76,'Переноски','Товары для собак',19,'iusto',8051,26,'2012-09-17 20:02:35','2021-06-24 22:43:27'),(77,'Косметика','Товары для собак',20,'officia',16983,30,'2011-10-30 07:01:45','2021-06-24 22:43:27'),(78,'Лакомства','Товары для собак',2,'sint',17224,66,'2012-07-24 18:11:41','2021-06-24 22:43:27'),(79,'Косметика','Товары для кошек',11,'saepe',11485,24,'2016-05-07 05:53:20','2021-06-24 22:43:27'),(80,'Одежда','Товары для кошек',6,'quisquam',15078,17,'2016-05-11 10:39:05','2021-06-24 22:43:27'),(81,'Косметика','Для грызунов и хорьков',19,'voluptate',19018,5,'2015-07-26 06:41:11','2021-06-24 22:43:27'),(82,'Косметика','Товары для кошек',15,'veritatis',4161,61,'2012-07-14 04:24:49','2021-06-24 22:43:27'),(83,'Корма','Товары для кошек',20,'itaque',9830,98,'2019-05-03 02:53:28','2021-06-24 22:43:27'),(84,'Лакомства','Товары для птиц',12,'non',10449,31,'2018-08-27 00:55:10','2021-06-24 22:43:27'),(85,'Косметика','Товары для кошек',20,'fuga',17432,2,'2016-11-15 07:41:41','2021-06-24 22:43:27'),(86,'Корма','Товары для птиц',2,'debitis',19984,71,'2011-08-03 07:36:17','2021-06-24 22:43:27'),(87,'Косметика','Для грызунов и хорьков',10,'veniam',6082,72,'2018-11-01 02:15:56','2021-06-24 22:43:27'),(88,'Миски','Товары для рыб',6,'provident',9815,46,'2018-12-08 15:47:35','2021-06-24 22:43:27'),(89,'Аксессуары','Товары для собак',17,'vero',8482,30,'2018-01-18 03:08:17','2021-06-24 22:43:27'),(90,'Косметика','Для грызунов и хорьков',7,'quidem',7956,9,'2019-07-14 08:06:06','2021-06-24 22:43:27'),(91,'Аксессуары','Товары для собак',4,'fugit',14603,95,'2019-08-22 16:19:52','2021-06-24 22:43:27'),(92,'Корма','Товары для рыб',17,'eius',7188,74,'2020-12-04 22:43:31','2021-06-24 22:43:27'),(93,'Переноски','Товары для птиц',13,'harum',12955,59,'2017-09-01 22:11:57','2020-02-13 08:47:04'),(94,'Миски','Для грызунов и хорьков',13,'enim',18624,66,'2013-05-12 15:48:59','2021-06-24 22:43:27'),(95,'Одежда','Товары для собак',7,'explicabo',11012,57,'2020-07-03 13:06:27','2021-06-24 22:43:27'),(96,'Переноски','Товары для птиц',16,'totam',11269,78,'2011-08-31 17:49:00','2014-09-23 18:11:57'),(97,'Переноски','Товары для собак',18,'suscipit',14502,31,'2017-09-25 18:43:34','2021-06-24 22:43:27'),(98,'Лакомства','Для грызунов и хорьков',20,'praesentium',17644,63,'2015-01-27 21:25:26','2021-06-24 22:43:27'),(99,'Одежда','Товары для рыб',8,'rem',7989,29,'2015-03-22 07:50:01','2021-06-24 22:43:27'),(100,'Аксессуары','Товары для рыб',17,'deleniti',4983,53,'2018-02-08 21:08:54','2021-06-24 22:43:27');
/*!40000 ALTER TABLE `products` ENABLE KEYS */;
UNLOCK TABLES;
/*!50003 SET @saved_cs_client      = @@character_set_client */ ;
/*!50003 SET @saved_cs_results     = @@character_set_results */ ;
/*!50003 SET @saved_col_connection = @@collation_connection */ ;
/*!50003 SET character_set_client  = utf8mb4 */ ;
/*!50003 SET character_set_results = utf8mb4 */ ;
/*!50003 SET collation_connection  = utf8mb4_0900_ai_ci */ ;
/*!50003 SET @saved_sql_mode       = @@sql_mode */ ;
/*!50003 SET sql_mode              = 'ONLY_FULL_GROUP_BY,STRICT_TRANS_TABLES,NO_ZERO_IN_DATE,NO_ZERO_DATE,ERROR_FOR_DIVISION_BY_ZERO,NO_ENGINE_SUBSTITUTION' */ ;
DELIMITER ;;
/*!50003 CREATE*/ /*!50017 DEFINER=`root`@`localhost`*/ /*!50003 TRIGGER `validate_price_insert` BEFORE INSERT ON `products` FOR EACH ROW BEGIN
  IF NEW.price IS NULL THEN
    SIGNAL SQLSTATE '45000'
    SET MESSAGE_TEXT = 'Product price is NULL';
  END IF;
END */;;
DELIMITER ;
/*!50003 SET sql_mode              = @saved_sql_mode */ ;
/*!50003 SET character_set_client  = @saved_cs_client */ ;
/*!50003 SET character_set_results = @saved_cs_results */ ;
/*!50003 SET collation_connection  = @saved_col_connection */ ;
/*!50003 SET @saved_cs_client      = @@character_set_client */ ;
/*!50003 SET @saved_cs_results     = @@character_set_results */ ;
/*!50003 SET @saved_col_connection = @@collation_connection */ ;
/*!50003 SET character_set_client  = utf8mb4 */ ;
/*!50003 SET character_set_results = utf8mb4 */ ;
/*!50003 SET collation_connection  = utf8mb4_0900_ai_ci */ ;
/*!50003 SET @saved_sql_mode       = @@sql_mode */ ;
/*!50003 SET sql_mode              = 'ONLY_FULL_GROUP_BY,STRICT_TRANS_TABLES,NO_ZERO_IN_DATE,NO_ZERO_DATE,ERROR_FOR_DIVISION_BY_ZERO,NO_ENGINE_SUBSTITUTION' */ ;
DELIMITER ;;
/*!50003 CREATE*/ /*!50017 DEFINER=`root`@`localhost`*/ /*!50003 TRIGGER `validate_price_update` BEFORE UPDATE ON `products` FOR EACH ROW BEGIN
  IF NEW.price IS NULL THEN
    SIGNAL SQLSTATE '45000'
    SET MESSAGE_TEXT = 'Product price is NULL';
  END IF;
END */;;
DELIMITER ;
/*!50003 SET sql_mode              = @saved_sql_mode */ ;
/*!50003 SET character_set_client  = @saved_cs_client */ ;
/*!50003 SET character_set_results = @saved_cs_results */ ;
/*!50003 SET collation_connection  = @saved_col_connection */ ;

--
-- Table structure for table `profiles`
--

DROP TABLE IF EXISTS `profiles`;
/*!40101 SET @saved_cs_client     = @@character_set_client */;
/*!50503 SET character_set_client = utf8mb4 */;
CREATE TABLE `profiles` (
  `user_id` int unsigned NOT NULL COMMENT 'Ссылка на пользователя',
  `gender` enum('Male','Female') CHARACTER SET utf8mb4 COLLATE utf8mb4_unicode_ci NOT NULL COMMENT 'Пол',
  `birthday` date DEFAULT NULL COMMENT 'Дата рождения',
  `country_id` int unsigned NOT NULL COMMENT 'Ссылка на страну пользователя',
  `last_login` datetime DEFAULT NULL COMMENT 'Последний вход в систему',
  `created_at` datetime DEFAULT CURRENT_TIMESTAMP COMMENT 'Время создания строки',
  `updated_at` datetime DEFAULT CURRENT_TIMESTAMP ON UPDATE CURRENT_TIMESTAMP COMMENT 'Время обновления строки',
  PRIMARY KEY (`user_id`),
  KEY `profiles_country_id_fk` (`country_id`),
  CONSTRAINT `profiles_country_id_fk` FOREIGN KEY (`country_id`) REFERENCES `countries` (`id`) ON DELETE CASCADE,
  CONSTRAINT `profiles_user_id_fk` FOREIGN KEY (`user_id`) REFERENCES `users` (`id`) ON DELETE CASCADE
) ENGINE=InnoDB DEFAULT CHARSET=utf8mb4 COLLATE=utf8mb4_unicode_ci COMMENT='Профили';
/*!40101 SET character_set_client = @saved_cs_client */;

--
-- Dumping data for table `profiles`
--

LOCK TABLES `profiles` WRITE;
/*!40000 ALTER TABLE `profiles` DISABLE KEYS */;
INSERT INTO `profiles` VALUES (1,'Male','2008-07-29',78,'2021-06-24 22:43:27','2017-10-03 08:10:38','2021-06-24 22:43:27'),(2,'Female','1971-05-09',80,'2016-10-07 20:41:14','2014-11-23 08:01:21','2021-06-24 22:43:27'),(3,'Female','1995-08-30',63,'2020-09-10 00:01:40','2016-09-20 04:12:37','2021-06-24 22:43:27'),(4,'Female','1990-01-12',77,'2021-06-24 22:43:27','2018-03-12 01:21:11','2021-06-24 22:43:27'),(5,'Male','1977-05-11',95,'2019-05-04 02:42:40','2018-03-30 10:59:48','2021-06-24 22:43:27'),(6,'Male','2007-02-20',45,'2021-06-24 22:43:27','2019-05-03 03:01:47','2021-06-24 22:43:27'),(7,'Male','2014-11-27',36,'2021-02-06 21:48:23','2015-11-05 20:57:20','2021-06-24 22:43:27'),(8,'Male','1974-01-09',47,'2020-06-03 02:19:02','2013-06-13 07:32:24','2021-06-24 22:43:27'),(9,'Male','2006-01-17',26,'2021-06-24 22:43:27','2019-12-29 17:45:48','2021-06-24 22:43:27'),(10,'Female','2014-05-27',88,'2015-10-14 00:25:36','2013-08-30 05:13:48','2021-06-24 22:43:27'),(11,'Female','1991-06-20',62,'2018-09-17 21:59:25','2015-10-10 21:11:08','2021-06-24 22:43:27'),(12,'Female','2003-09-04',47,'2021-06-24 22:43:27','2019-12-19 07:57:30','2021-06-24 22:43:27'),(13,'Male','2000-05-10',48,'2021-06-24 22:43:27','2011-09-06 19:09:58','2021-06-24 22:43:27'),(14,'Male','2011-12-20',99,'2021-06-24 22:43:27','2018-11-03 18:11:38','2021-06-24 22:43:27'),(15,'Female','1972-05-16',48,'2021-06-24 22:43:27','2021-04-26 08:42:05','2021-06-24 22:43:27'),(16,'Female','2016-01-11',42,'2021-06-24 22:43:27','2021-02-28 00:12:42','2021-06-24 22:43:27'),(17,'Male','1992-04-01',69,'2021-06-24 22:43:27','2018-07-19 12:04:09','2021-06-24 22:43:27'),(18,'Male','1983-03-20',16,'2021-06-24 22:43:27','2016-07-09 18:54:23','2021-06-24 22:43:27'),(19,'Female','1983-04-27',74,'2018-07-17 16:19:03','2014-01-06 21:51:02','2021-06-24 22:43:27'),(20,'Male','2009-07-19',21,'2021-06-24 22:43:27','2020-10-22 09:50:44','2021-06-24 22:43:27'),(21,'Male','2021-03-22',84,'2020-04-25 03:57:59','2011-04-30 04:33:15','2021-06-24 22:43:27'),(22,'Female','2019-03-13',55,'2021-06-24 22:43:27','2018-05-22 13:48:25','2021-06-24 22:43:27'),(23,'Female','2004-01-26',22,'2021-06-24 22:43:27','2020-01-24 05:27:37','2021-06-24 22:43:27'),(24,'Male','1997-10-07',47,'2018-09-08 01:57:51','2015-02-21 05:47:15','2021-06-24 22:43:27'),(25,'Female','1996-01-31',65,'2021-06-24 22:43:27','2017-04-04 13:31:32','2021-06-24 22:43:27'),(26,'Male','1986-11-18',86,'2021-06-24 22:43:27','2014-11-03 06:50:53','2021-06-24 22:43:27'),(27,'Female','1994-09-25',32,'2019-05-27 15:15:40','2012-08-20 18:26:45','2021-06-24 22:43:27'),(28,'Male','2007-04-04',3,'2021-06-24 22:43:27','2015-11-17 10:49:47','2021-06-24 22:43:27'),(29,'Male','2008-10-04',18,'2021-06-24 22:43:27','2019-09-03 12:38:14','2021-06-24 22:43:27'),(30,'Male','1981-02-23',79,'2021-06-24 22:43:27','2021-01-02 14:40:54','2021-06-24 22:43:27'),(31,'Male','1974-10-08',41,'2014-06-09 12:49:26','2011-10-30 09:12:16','2021-06-24 22:43:27'),(32,'Female','1978-06-20',67,'2017-03-29 23:48:29','2011-06-22 23:43:43','2021-06-24 22:43:27'),(33,'Male','2016-03-13',11,'2021-06-24 22:43:27','2020-09-05 21:13:13','2021-06-24 22:43:27'),(34,'Male','1979-07-11',52,'2020-12-12 21:07:30','2013-01-16 04:20:40','2021-06-24 22:43:27'),(35,'Male','2010-04-13',30,'2021-06-24 22:43:27','2016-05-04 12:48:07','2021-06-24 22:43:27'),(36,'Female','1990-11-10',91,'2021-06-24 22:43:27','2020-10-01 19:03:47','2021-06-24 22:43:27'),(37,'Male','1981-02-04',66,'2021-06-24 22:43:27','2019-02-04 19:46:47','2021-06-24 22:43:27'),(38,'Female','1993-04-16',55,'2021-06-24 22:43:27','2018-06-06 09:07:43','2021-06-24 22:43:27'),(39,'Male','2002-03-31',76,'2021-01-10 17:28:02','2016-04-06 03:00:15','2021-06-24 22:43:27'),(40,'Female','1980-05-31',17,'2021-06-24 22:43:27','2020-03-16 06:16:03','2021-06-24 22:43:27'),(41,'Male','2010-11-10',55,'2021-06-24 22:43:27','2019-01-05 00:15:11','2021-06-24 22:43:27'),(42,'Female','2012-06-11',22,'2021-06-24 22:43:27','2017-10-28 18:26:31','2021-06-24 22:43:27'),(43,'Male','1970-08-23',47,'2021-06-24 22:43:27','2020-10-11 19:32:16','2021-06-24 22:43:27'),(44,'Male','1982-06-24',69,'2019-11-03 14:50:38','2017-04-25 22:28:38','2021-06-24 22:43:27'),(45,'Female','2001-09-13',2,'2018-05-17 08:10:50','2012-12-11 07:24:56','2021-06-24 22:43:27'),(46,'Male','1982-07-13',5,'2021-06-24 22:43:27','2017-05-12 05:23:10','2021-06-24 22:43:27'),(47,'Male','2013-11-12',16,'2021-06-24 22:43:27','2020-04-14 23:56:37','2021-06-24 22:43:27'),(48,'Male','1975-07-16',67,'2021-06-24 22:43:27','2015-03-31 01:39:23','2021-06-24 22:43:27'),(49,'Female','1990-10-26',83,'2014-03-11 17:32:13','2011-12-25 08:19:58','2021-06-24 22:43:27'),(50,'Female','2001-01-10',17,'2021-06-24 22:43:27','2015-06-30 16:24:27','2021-06-24 22:43:27'),(51,'Male','2014-06-11',34,'2021-06-24 22:43:27','2017-12-01 17:18:08','2021-06-24 22:43:27'),(52,'Male','1980-10-17',20,'2018-02-26 16:42:46','2011-12-11 23:49:51','2021-06-24 22:43:27'),(53,'Female','2020-10-27',96,'2020-10-03 09:07:33','2014-11-12 03:18:55','2021-06-24 22:43:27'),(54,'Female','1970-05-23',21,'2021-06-24 22:43:27','2020-08-30 18:01:42','2021-06-24 22:43:27'),(55,'Female','2020-04-19',14,'2021-04-13 02:28:39','2016-02-10 08:47:45','2021-06-24 22:43:27'),(56,'Male','1975-03-18',10,'2021-06-24 22:43:27','2020-02-14 22:32:30','2021-06-24 22:43:27'),(57,'Female','1982-11-10',5,'2021-02-13 01:05:41','2012-01-07 20:51:38','2021-06-24 22:43:27'),(58,'Male','2000-04-18',94,'2016-06-20 22:07:37','2014-02-22 18:23:54','2021-06-24 22:43:27'),(59,'Female','2019-01-27',54,'2021-06-24 22:43:27','2014-12-28 12:28:20','2021-06-24 22:43:27'),(60,'Male','2002-01-21',88,'2021-06-24 22:43:27','2018-07-14 07:20:57','2021-06-24 22:43:27'),(61,'Female','2006-05-02',78,'2021-06-24 22:43:27','2016-03-29 10:28:14','2021-06-24 22:43:27'),(62,'Female','1987-06-04',25,'2016-06-01 13:39:27','2011-11-23 04:33:59','2021-06-24 22:43:27'),(63,'Female','2003-02-03',89,'2021-06-24 22:43:27','2018-04-06 16:34:19','2021-06-24 22:43:27'),(64,'Female','1980-12-20',72,'2021-06-24 22:43:27','2020-12-31 04:04:45','2021-06-24 22:43:27'),(65,'Female','2012-12-19',91,'2012-02-07 10:07:34','2011-09-14 05:42:32','2021-06-24 22:43:27'),(66,'Female','1974-05-25',41,'2012-11-21 03:08:15','2011-06-11 05:06:37','2021-06-24 22:43:27'),(67,'Male','2015-10-06',30,'2021-06-24 22:43:27','2015-09-21 03:13:57','2021-06-24 22:43:27'),(68,'Male','2005-06-29',28,'2012-05-21 05:22:55','2011-10-14 10:24:19','2021-06-24 22:43:27'),(69,'Male','1988-03-20',48,'2021-06-24 22:43:27','2016-02-03 02:27:27','2021-06-24 22:43:27'),(70,'Female','1975-02-27',58,'2017-09-19 11:40:26','2017-02-22 10:20:40','2021-06-24 22:43:27'),(71,'Female','2013-10-25',44,'2021-06-24 22:43:27','2021-01-05 06:32:41','2021-06-24 22:43:27'),(72,'Male','1986-07-14',44,'2014-10-06 14:02:08','2014-04-09 05:46:11','2021-06-24 22:43:27'),(73,'Male','1981-12-28',87,'2021-06-24 22:43:27','2016-05-23 23:19:38','2021-06-24 22:43:27'),(74,'Male','1974-12-27',2,'2020-03-24 16:40:09','2014-06-06 06:36:48','2021-06-24 22:43:27'),(75,'Male','2005-08-28',52,'2021-06-24 22:43:27','2018-10-18 20:15:03','2021-06-24 22:43:27'),(76,'Male','1992-01-27',50,'2017-06-30 19:13:54','2016-01-05 07:00:24','2021-06-24 22:43:27'),(77,'Female','1975-09-28',94,'2020-12-08 02:56:33','2018-07-24 04:57:58','2021-06-24 22:43:27'),(78,'Male','1983-10-28',20,'2021-06-24 22:43:27','2020-09-04 17:17:26','2021-06-24 22:43:27'),(79,'Male','2009-07-23',17,'2021-06-24 22:43:27','2016-11-29 22:34:34','2021-06-24 22:43:27'),(80,'Male','1970-06-30',25,'2018-03-01 21:42:24','2012-06-09 04:14:00','2021-06-24 22:43:27'),(81,'Female','2000-11-19',73,'2017-01-06 18:46:41','2014-09-01 09:04:47','2021-06-24 22:43:27'),(82,'Female','1997-10-12',89,'2021-06-24 22:43:27','2017-12-09 05:53:53','2021-06-24 22:43:27'),(83,'Female','1971-08-21',26,'2020-12-10 19:52:14','2017-12-12 15:58:13','2021-06-24 22:43:27'),(84,'Female','2000-05-20',63,'2021-06-24 22:43:27','2019-03-02 11:07:00','2021-06-24 22:43:27'),(85,'Female','1986-08-18',37,'2020-07-15 23:16:18','2011-09-03 20:40:01','2021-06-24 22:43:27'),(86,'Female','2011-10-14',96,'2021-06-24 22:43:27','2021-03-03 20:58:48','2021-06-24 22:43:27'),(87,'Male','1984-02-17',66,'2019-07-25 18:49:28','2019-06-04 00:22:11','2021-06-24 22:43:27'),(88,'Female','2005-01-06',44,'2021-06-24 22:43:27','2014-03-01 11:55:25','2021-06-24 22:43:27'),(89,'Female','2013-01-02',22,'2021-06-24 22:43:27','2019-11-21 00:26:38','2021-06-24 22:43:27'),(90,'Female','1987-03-26',76,'2021-06-24 22:43:27','2017-12-26 11:44:57','2021-06-24 22:43:27'),(91,'Female','1974-12-05',15,'2021-06-24 22:43:27','2016-11-21 20:40:54','2021-06-24 22:43:27'),(92,'Female','1989-05-11',45,'2020-11-04 14:33:29','2013-09-06 22:23:53','2021-06-24 22:43:27'),(93,'Male','1992-05-15',78,'2021-06-24 22:43:27','2017-11-17 06:04:30','2021-06-24 22:43:27'),(94,'Female','2017-01-22',57,'2021-06-24 22:43:27','2019-02-10 13:37:15','2021-06-24 22:43:27'),(95,'Female','1993-08-02',48,'2021-06-24 22:43:27','2021-02-11 04:51:47','2021-06-24 22:43:27'),(96,'Male','2003-02-27',71,'2020-09-17 04:15:51','2012-04-13 01:38:18','2021-06-24 22:43:27'),(97,'Male','1975-01-01',10,'2016-03-22 06:17:12','2014-12-12 23:34:13','2021-06-24 22:43:27'),(98,'Male','2020-03-06',37,'2016-03-31 01:58:49','2015-08-14 15:26:10','2021-06-24 22:43:27'),(99,'Male','2004-10-23',53,'2019-08-09 20:50:38','2016-10-31 14:13:06','2021-06-24 22:43:27'),(100,'Female','1997-07-18',53,'2018-07-31 08:46:38','2016-04-19 21:19:32','2021-06-24 22:43:27');
/*!40000 ALTER TABLE `profiles` ENABLE KEYS */;
UNLOCK TABLES;

--
-- Table structure for table `return_orders`
--

DROP TABLE IF EXISTS `return_orders`;
/*!40101 SET @saved_cs_client     = @@character_set_client */;
/*!50503 SET character_set_client = utf8mb4 */;
CREATE TABLE `return_orders` (
  `id` int unsigned NOT NULL AUTO_INCREMENT COMMENT 'Идентификатор строки',
  `order_id` int unsigned NOT NULL COMMENT 'Ссылка на заказ',
  `reason_name` enum('Брак','Не подошел товар','Ошибка в заказе') CHARACTER SET utf8mb4 COLLATE utf8mb4_unicode_ci NOT NULL COMMENT 'Причины возврата',
  `created_at` datetime DEFAULT CURRENT_TIMESTAMP COMMENT 'Время создания строки',
  `updated_at` datetime DEFAULT CURRENT_TIMESTAMP ON UPDATE CURRENT_TIMESTAMP COMMENT 'Время обновления строки',
  PRIMARY KEY (`id`),
  KEY `return_orders_order_id_fk` (`order_id`),
  CONSTRAINT `return_orders_order_id_fk` FOREIGN KEY (`order_id`) REFERENCES `orders` (`id`) ON DELETE CASCADE
) ENGINE=InnoDB AUTO_INCREMENT=91 DEFAULT CHARSET=utf8mb4 COLLATE=utf8mb4_unicode_ci COMMENT='Статус возврата';
/*!40101 SET character_set_client = @saved_cs_client */;

--
-- Dumping data for table `return_orders`
--

LOCK TABLES `return_orders` WRITE;
/*!40000 ALTER TABLE `return_orders` DISABLE KEYS */;
INSERT INTO `return_orders` VALUES (1,6,'Не подошел товар','2016-07-07 19:36:16','2021-06-24 22:43:27'),(2,5,'Ошибка в заказе','2011-10-14 12:19:55','2021-06-24 22:43:27'),(3,3,'Не подошел товар','2011-08-07 21:53:32','2011-09-16 06:22:07'),(4,1,'Ошибка в заказе','2015-05-11 07:51:12','2021-06-24 22:43:27'),(5,95,'Не подошел товар','2018-01-26 20:56:52','2021-06-24 22:43:27'),(6,70,'Брак','2013-06-06 10:44:22','2021-06-24 22:43:27'),(7,66,'Не подошел товар','2013-02-28 02:57:44','2021-06-24 22:43:27'),(8,17,'Ошибка в заказе','2013-11-25 07:41:49','2021-06-24 22:43:27'),(9,90,'Ошибка в заказе','2018-04-10 00:43:51','2021-06-24 22:43:27'),(10,95,'Ошибка в заказе','2018-03-28 09:54:55','2021-06-24 22:43:27'),(11,6,'Ошибка в заказе','2013-09-28 10:24:23','2021-06-24 22:43:27'),(12,46,'Не подошел товар','2016-07-25 04:19:45','2021-06-24 22:43:27'),(13,9,'Брак','2018-11-20 14:56:14','2021-06-24 22:43:27'),(14,5,'Ошибка в заказе','2020-01-24 04:02:32','2021-06-24 22:43:27'),(15,1,'Ошибка в заказе','2017-08-12 20:18:05','2021-06-24 22:43:27'),(16,89,'Не подошел товар','2019-06-10 19:20:11','2021-06-24 22:43:27'),(17,43,'Брак','2019-07-16 23:32:36','2021-06-24 22:43:27'),(18,47,'Ошибка в заказе','2020-10-31 21:53:00','2021-06-24 22:43:27'),(19,3,'Брак','2013-02-20 14:51:36','2021-06-24 22:43:27'),(20,75,'Ошибка в заказе','2012-09-01 04:51:53','2021-06-24 22:43:27'),(21,67,'Ошибка в заказе','2012-03-13 01:22:18','2021-06-24 22:43:27'),(22,9,'Брак','2020-01-31 02:06:17','2021-06-24 22:43:27'),(23,42,'Ошибка в заказе','2012-06-24 00:36:45','2021-06-24 22:43:27'),(24,84,'Ошибка в заказе','2020-08-07 01:00:00','2021-06-24 22:43:27'),(25,94,'Ошибка в заказе','2018-06-15 17:23:33','2021-06-24 22:43:27'),(26,16,'Ошибка в заказе','2019-01-10 07:44:07','2021-06-24 22:43:27'),(27,99,'Брак','2014-10-17 20:32:30','2021-06-24 22:43:27'),(28,45,'Не подошел товар','2012-07-31 20:04:08','2021-06-24 22:43:27'),(29,30,'Ошибка в заказе','2018-07-19 13:45:50','2021-06-24 22:43:27'),(30,13,'Не подошел товар','2017-07-10 16:28:13','2021-06-24 22:43:27'),(31,75,'Брак','2020-01-25 06:15:26','2021-06-24 22:43:27'),(32,36,'Не подошел товар','2017-09-16 11:38:20','2021-06-24 22:43:27'),(33,53,'Брак','2018-04-27 08:58:17','2021-06-24 22:43:27'),(34,58,'Не подошел товар','2021-04-05 02:38:16','2021-06-24 22:43:27'),(35,32,'Брак','2015-08-05 14:12:30','2021-06-24 22:43:27'),(36,83,'Не подошел товар','2016-12-20 15:20:50','2021-06-24 22:43:27'),(37,21,'Ошибка в заказе','2013-01-13 23:17:39','2021-06-24 22:43:27'),(38,55,'Ошибка в заказе','2014-12-01 18:07:40','2021-06-24 22:43:27'),(39,13,'Ошибка в заказе','2014-09-25 16:32:48','2021-06-24 22:43:27'),(40,96,'Не подошел товар','2015-11-19 03:46:14','2021-06-24 22:43:27'),(41,43,'Брак','2014-12-04 09:55:29','2021-06-24 22:43:27'),(42,24,'Брак','2019-12-27 20:16:15','2021-06-24 22:43:27'),(43,90,'Брак','2015-03-16 20:54:20','2021-06-24 22:43:27'),(44,80,'Не подошел товар','2014-07-12 09:26:00','2021-06-24 22:43:27'),(45,30,'Брак','2012-06-22 03:21:43','2021-06-24 22:43:27'),(46,8,'Брак','2015-07-07 23:19:50','2021-06-24 22:43:27'),(47,50,'Не подошел товар','2015-08-07 07:05:19','2021-06-24 22:43:27'),(48,26,'Брак','2012-06-21 22:58:55','2021-06-24 22:43:27'),(49,78,'Брак','2017-06-08 04:46:18','2021-06-24 22:43:27'),(50,11,'Ошибка в заказе','2019-01-17 04:13:31','2021-06-24 22:43:27'),(51,21,'Брак','2015-05-04 08:08:15','2021-06-24 22:43:27'),(52,70,'Ошибка в заказе','2017-09-20 09:49:18','2021-06-24 22:43:27'),(53,89,'Ошибка в заказе','2011-12-20 10:22:36','2021-06-24 22:43:27'),(54,34,'Не подошел товар','2021-04-25 22:44:03','2021-06-24 22:43:27'),(55,100,'Брак','2018-06-30 20:24:33','2021-06-24 22:43:27'),(56,100,'Ошибка в заказе','2013-04-04 16:54:12','2021-06-24 22:43:27'),(57,99,'Ошибка в заказе','2012-02-02 20:49:28','2021-06-24 22:43:27'),(58,93,'Брак','2011-06-26 23:12:12','2021-06-24 22:43:27'),(59,70,'Ошибка в заказе','2015-02-21 06:18:47','2021-06-24 22:43:27'),(60,69,'Ошибка в заказе','2012-04-07 00:26:00','2021-06-24 22:43:27'),(61,36,'Ошибка в заказе','2018-09-03 04:33:15','2021-06-24 22:43:27'),(62,73,'Брак','2013-03-13 12:29:08','2021-06-24 22:43:27'),(63,57,'Брак','2015-10-17 23:58:22','2021-06-24 22:43:27'),(64,65,'Брак','2016-04-15 01:49:01','2021-06-24 22:43:27'),(65,55,'Ошибка в заказе','2012-10-14 02:33:47','2021-06-24 22:43:27'),(66,78,'Не подошел товар','2011-09-28 14:01:12','2021-06-24 22:43:27'),(67,26,'Не подошел товар','2015-02-27 06:39:22','2021-06-24 22:43:27'),(68,96,'Не подошел товар','2013-01-06 15:33:27','2021-06-24 22:43:27'),(69,100,'Ошибка в заказе','2020-02-26 05:21:52','2021-06-24 22:43:27'),(70,13,'Брак','2020-05-06 08:18:33','2021-06-24 22:43:27'),(71,65,'Брак','2016-12-01 21:39:52','2021-06-24 22:43:27'),(72,86,'Брак','2015-09-24 17:10:05','2021-06-24 22:43:27'),(73,35,'Брак','2015-07-14 14:10:28','2021-06-24 22:43:27'),(74,16,'Не подошел товар','2016-11-28 04:00:51','2021-06-24 22:43:27'),(75,72,'Ошибка в заказе','2013-04-14 14:40:11','2021-06-24 22:43:27'),(76,15,'Брак','2011-11-16 07:35:46','2021-06-24 22:43:27'),(77,57,'Не подошел товар','2017-12-13 06:56:39','2021-06-24 22:43:27'),(78,38,'Не подошел товар','2011-08-06 18:30:52','2021-06-24 22:43:27'),(79,20,'Не подошел товар','2012-06-06 11:25:52','2021-06-24 22:43:27'),(80,86,'Ошибка в заказе','2014-06-21 12:51:25','2021-06-24 22:43:27'),(81,71,'Брак','2013-06-06 07:39:22','2021-06-24 22:43:27'),(82,95,'Ошибка в заказе','2014-08-18 11:56:39','2021-06-24 22:43:27'),(83,62,'Брак','2014-01-05 00:47:56','2021-06-24 22:43:27'),(84,25,'Не подошел товар','2018-12-24 13:59:21','2021-06-24 22:43:27'),(85,38,'Не подошел товар','2014-06-01 13:06:23','2021-06-24 22:43:27'),(86,13,'Ошибка в заказе','2019-07-23 03:58:48','2021-06-24 22:43:27'),(87,50,'Ошибка в заказе','2015-05-28 23:49:22','2021-06-24 22:43:27'),(88,13,'Брак','2017-12-27 08:37:56','2021-06-24 22:43:27'),(89,14,'Брак','2013-03-07 11:24:11','2021-06-24 22:43:27'),(90,30,'Брак','2017-05-17 19:48:36','2021-06-24 22:43:27');
/*!40000 ALTER TABLE `return_orders` ENABLE KEYS */;
UNLOCK TABLES;

--
-- Table structure for table `suppliers`
--

DROP TABLE IF EXISTS `suppliers`;
/*!40101 SET @saved_cs_client     = @@character_set_client */;
/*!50503 SET character_set_client = utf8mb4 */;
CREATE TABLE `suppliers` (
  `id` int unsigned NOT NULL AUTO_INCREMENT COMMENT 'Идентификатор строки',
  `name` varchar(255) CHARACTER SET utf8mb4 COLLATE utf8mb4_unicode_ci NOT NULL COMMENT 'Имя поставщика',
  `country_id` int unsigned NOT NULL COMMENT 'Ссылка на страну откуда поставщик',
  `status` enum('Работаем','Планируем работать','Больше не работаем') CHARACTER SET utf8mb4 COLLATE utf8mb4_unicode_ci NOT NULL COMMENT 'Статус работы с поставщиком',
  `created_at` datetime DEFAULT CURRENT_TIMESTAMP COMMENT 'Время создания строки',
  `updated_at` datetime DEFAULT CURRENT_TIMESTAMP ON UPDATE CURRENT_TIMESTAMP COMMENT 'Время обновления строки',
  PRIMARY KEY (`id`),
  UNIQUE KEY `name` (`name`),
  KEY `suppliers_country_id_fk` (`country_id`),
  CONSTRAINT `suppliers_country_id_fk` FOREIGN KEY (`country_id`) REFERENCES `countries` (`id`) ON DELETE CASCADE
) ENGINE=InnoDB AUTO_INCREMENT=21 DEFAULT CHARSET=utf8mb4 COLLATE=utf8mb4_unicode_ci COMMENT='Поставщики';
/*!40101 SET character_set_client = @saved_cs_client */;

--
-- Dumping data for table `suppliers`
--

LOCK TABLES `suppliers` WRITE;
/*!40000 ALTER TABLE `suppliers` DISABLE KEYS */;
INSERT INTO `suppliers` VALUES (1,'Lockman-Fay',11,'Больше не работаем','2018-05-14 15:48:26','2021-06-24 22:43:27'),(2,'Botsford-Will',12,'Больше не работаем','2020-10-10 18:55:28','2021-06-24 22:43:27'),(3,'Medhurst, Deckow and Abbott',29,'Планируем работать','2016-09-04 03:25:48','2021-06-24 22:43:27'),(4,'Little Ltd',7,'Планируем работать','2016-10-23 22:23:36','2021-06-24 22:43:27'),(5,'Lebsack Ltd',49,'Больше не работаем','2020-03-06 13:57:24','2021-06-24 22:43:27'),(6,'Dicki LLC',22,'Больше не работаем','2014-09-11 01:57:12','2021-06-24 22:43:27'),(7,'VonRueden PLC',64,'Больше не работаем','2014-06-14 16:19:15','2021-06-24 22:43:27'),(8,'Hermiston-Trantow',52,'Больше не работаем','2014-04-17 12:07:50','2021-06-24 22:43:27'),(9,'Harris-Muller',68,'Больше не работаем','2015-08-27 01:00:21','2021-06-24 22:43:27'),(10,'Greenholt, Cruickshank and Lubowitz',82,'Больше не работаем','2019-09-17 12:51:06','2021-06-24 22:43:27'),(11,'Lesch, Kozey and Jerde',6,'Больше не работаем','2016-04-20 01:17:54','2021-06-24 22:43:27'),(12,'Schuster-Rohan',82,'Планируем работать','2014-10-30 11:11:32','2021-06-24 22:43:27'),(13,'Rutherford, Rempel and Bins',93,'Работаем','2019-03-08 13:17:24','2021-06-24 22:43:27'),(14,'Marvin and Sons',20,'Больше не работаем','2019-07-07 03:43:00','2021-06-24 22:43:27'),(15,'Beer-Adams',21,'Планируем работать','2012-09-21 03:38:22','2021-06-24 22:43:27'),(16,'Christiansen, Barton and Windler',42,'Планируем работать','2019-01-24 00:05:19','2021-06-24 22:43:27'),(17,'Aufderhar-Terry',48,'Больше не работаем','2021-03-26 15:21:45','2021-06-24 22:43:27'),(18,'Heaney PLC',14,'Планируем работать','2013-09-24 12:21:18','2021-06-24 22:43:27'),(19,'Homenick and Sons',25,'Планируем работать','2014-05-22 07:49:23','2021-06-24 22:43:27'),(20,'Hermiston Inc',81,'Работаем','2019-06-27 19:36:12','2021-06-24 22:43:27');
/*!40000 ALTER TABLE `suppliers` ENABLE KEYS */;
UNLOCK TABLES;

--
-- Table structure for table `users`
--

DROP TABLE IF EXISTS `users`;
/*!40101 SET @saved_cs_client     = @@character_set_client */;
/*!50503 SET character_set_client = utf8mb4 */;
CREATE TABLE `users` (
  `id` int unsigned NOT NULL AUTO_INCREMENT COMMENT 'Идентификатор строки',
  `first_name` varchar(100) CHARACTER SET utf8mb4 COLLATE utf8mb4_unicode_ci NOT NULL COMMENT 'Имя пользователя',
  `last_name` varchar(100) CHARACTER SET utf8mb4 COLLATE utf8mb4_unicode_ci NOT NULL COMMENT 'Фамилия пользователя',
  `email` varchar(100) CHARACTER SET utf8mb4 COLLATE utf8mb4_unicode_ci NOT NULL COMMENT 'Почта',
  `phone` varchar(100) CHARACTER SET utf8mb4 COLLATE utf8mb4_unicode_ci NOT NULL COMMENT 'Телефон',
  `created_at` datetime DEFAULT CURRENT_TIMESTAMP COMMENT 'Время создания строки',
  `updated_at` datetime DEFAULT CURRENT_TIMESTAMP ON UPDATE CURRENT_TIMESTAMP COMMENT 'Время обновления строки',
  PRIMARY KEY (`id`),
  UNIQUE KEY `email` (`email`),
  UNIQUE KEY `phone` (`phone`)
) ENGINE=InnoDB AUTO_INCREMENT=101 DEFAULT CHARSET=utf8mb4 COLLATE=utf8mb4_unicode_ci COMMENT='Пользователи';
/*!40101 SET character_set_client = @saved_cs_client */;

--
-- Dumping data for table `users`
--

LOCK TABLES `users` WRITE;
/*!40000 ALTER TABLE `users` DISABLE KEYS */;
INSERT INTO `users` VALUES (1,'Justice','Kassulke','brendon.hills@example.org','092-041-1889x2742','2016-03-06 20:40:19','2021-04-29 20:19:47'),(2,'Rod','Wilderman','dietrich.paris@example.net','(676)179-4457','2019-01-16 12:32:08','2019-05-09 21:10:11'),(3,'Bertram','Deckow','alvina.bradtke@example.org','768.804.1581','2015-02-11 09:56:27','2019-12-01 23:37:56'),(4,'Edmond','O\'Keefe','genevieve62@example.org','+93(0)9923564761','2020-12-25 21:38:22','2021-04-29 20:19:47'),(5,'Cornell','Simonis','mabelle27@example.org','+05(6)4803906902','2012-04-25 03:28:14','2018-05-03 21:00:53'),(6,'Maurine','Adams','nfunk@example.net','08651468598','2020-05-08 08:26:04','2021-04-29 20:19:47'),(7,'Fiona','Mante','luz.rice@example.org','04153332510','2019-08-02 01:50:43','2021-04-29 20:19:47'),(8,'Meda','O\'Reilly','damien66@example.net','1-386-253-9720x887','2013-05-03 00:41:16','2015-11-07 10:27:53'),(9,'Jeromy','Schumm','swift.seamus@example.org','976.814.3570x65195','2015-04-17 13:45:06','2021-04-29 20:19:47'),(10,'D\'angelo','Davis','lee93@example.net','1-997-516-4708','2015-12-21 15:13:33','2016-06-21 22:14:33'),(11,'Jeff','Connelly','ora42@example.org','(872)853-9319x2277','2015-06-28 09:28:05','2016-02-07 02:44:34'),(12,'Ellen','Rau','gkemmer@example.net','581-423-9229','2012-03-05 04:40:06','2019-06-04 05:13:31'),(13,'Gabrielle','Schaefer','noelia09@example.net','1-900-670-4192x583','2011-05-12 08:04:31','2015-02-25 16:15:27'),(14,'Rubie','O\'Connell','lillie.goodwin@example.org','295-109-5507','2017-09-17 22:59:46','2018-12-01 22:55:12'),(15,'Brielle','Goodwin','rippin.marcelina@example.org','360.543.1381x85528','2015-06-21 19:07:00','2017-07-19 08:20:22'),(16,'Angelica','Conroy','jquigley@example.com','+03(0)7455464654','2016-05-11 19:08:37','2020-10-08 12:39:36'),(17,'Violette','Cartwright','creola.heidenreich@example.net','1-726-985-8619','2018-07-25 02:21:22','2021-04-29 20:19:47'),(18,'Janessa','Turner','saufderhar@example.org','1-328-827-0375x131','2020-02-21 18:13:53','2021-04-29 20:19:47'),(19,'Judd','Schroeder','nolan.zaria@example.net','(389)354-0040','2012-06-02 02:33:45','2021-02-26 16:59:48'),(20,'Austin','Mayert','meta.grady@example.com','+42(0)5706942164','2015-09-01 05:48:44','2016-05-19 01:27:47'),(21,'Russel','Schulist','sanford00@example.com','+25(4)0575144961','2018-06-28 19:02:55','2019-03-23 17:14:35'),(22,'Kendall','Murphy','ho\'keefe@example.com','+50(5)2908036280','2012-02-22 10:09:33','2020-04-10 08:10:26'),(23,'Marquis','Conn','casper66@example.org','1-457-360-9783','2016-05-19 19:17:24','2021-04-29 20:19:47'),(24,'Kim','Kautzer','arnoldo48@example.net','09711728311','2013-01-04 06:15:12','2016-03-30 15:16:30'),(25,'Lindsey','McClure','lebert@example.org','1-796-820-6495x0900','2012-03-18 19:55:17','2020-01-01 15:46:46'),(26,'Ellsworth','Bashirian','lavinia.mclaughlin@example.org','(614)199-6608x82762','2011-09-06 05:19:44','2018-05-26 11:25:03'),(27,'Lorenza','Murazik','dward@example.org','792-450-9995','2020-10-22 13:05:36','2021-04-29 20:19:47'),(28,'Yadira','Goyette','emanuel33@example.net','(455)643-9116x07213','2021-02-21 16:04:37','2021-04-29 20:19:47'),(29,'Brandt','Gerlach','virginia84@example.net','790-451-4966','2021-01-26 01:32:05','2021-02-08 08:17:11'),(30,'Carson','Halvorson','fnienow@example.com','(872)417-9710x354','2018-06-03 07:59:33','2021-04-29 20:19:47'),(31,'Kristofer','Lindgren','dbeer@example.net','513-129-6322x70003','2018-02-16 05:16:20','2021-04-29 20:19:47'),(32,'Hazle','Kertzmann','schuster.cornelius@example.com','1-870-492-2559','2019-11-28 09:14:33','2021-04-29 20:19:47'),(33,'Harley','Lesch','katelin45@example.com','603-957-7109x7098','2011-10-23 02:21:29','2012-05-12 12:35:52'),(34,'Alessandro','Graham','lehner.halle@example.net','(497)633-9672x222','2013-02-26 20:49:50','2019-10-15 15:15:45'),(35,'Annette','Hegmann','zspinka@example.org','1-479-687-6638x949','2017-07-29 01:54:32','2021-04-29 20:19:47'),(36,'Ruby','Parisian','albin.sawayn@example.org','1-691-478-4422','2012-04-13 09:46:55','2015-05-03 22:42:01'),(37,'Mekhi','Schuppe','zryan@example.net','1-221-505-4426x08352','2015-08-13 09:58:43','2016-01-02 22:16:50'),(38,'Oral','Cronin','wiegand.jarrett@example.net','1-468-474-1918','2016-09-15 21:12:51','2019-11-21 10:58:50'),(39,'Mona','Ritchie','enrique30@example.com','451.955.6220x2639','2013-06-14 20:30:06','2021-04-29 20:19:47'),(40,'Ahmad','Turner','cristal19@example.com','996-894-6872x32305','2015-10-02 11:34:11','2021-04-29 20:19:47'),(41,'Harvey','Cremin','hahn.osvaldo@example.net','281.228.7852','2017-02-22 04:05:34','2021-04-29 20:19:47'),(42,'Delphia','Kub','mraz.zula@example.net','(423)913-3029x500','2019-11-13 04:11:59','2021-04-29 20:19:47'),(43,'Minnie','Rowe','dibbert.evert@example.org','1-884-995-2532x780','2017-02-21 18:10:11','2020-09-01 02:03:53'),(44,'Alvah','Dibbert','doyle.beatty@example.net','379-729-5315x882','2019-07-04 05:47:41','2021-04-29 20:19:47'),(45,'Evelyn','Thiel','wsauer@example.net','(729)511-2982x815','2014-07-18 16:50:02','2021-04-29 20:19:47'),(46,'Iliana','Predovic','powlowski.otis@example.net','04420081560','2012-11-11 23:19:43','2018-11-20 01:48:59'),(47,'Dora','Robel','karolann.borer@example.net','(385)827-7757x028','2014-12-02 15:46:02','2021-04-29 20:19:47'),(48,'Alek','Schneider','trace98@example.org','(414)927-7684x009','2017-08-14 15:12:30','2021-04-29 20:19:47'),(49,'Joaquin','Will','hoeger.arvel@example.net','(905)525-1349x38466','2014-05-18 22:07:00','2015-06-11 10:08:41'),(50,'Flavio','Quitzon','dasia71@example.net','(679)326-0549x342','2012-05-07 12:09:23','2019-11-03 14:38:43'),(51,'Marjolaine','Zulauf','thompson.dave@example.com','500.885.5021','2019-04-18 14:50:03','2021-04-29 20:19:47'),(52,'Carson','Nader','reva.rodriguez@example.org','(145)908-1906','2019-01-22 14:44:58','2021-04-29 20:19:47'),(53,'Audie','Hickle','chomenick@example.net','(226)037-2302','2011-08-20 12:46:05','2013-05-15 01:52:54'),(54,'Lucienne','Gulgowski','harry70@example.org','(943)572-2110x0437','2019-03-04 22:30:02','2021-04-29 20:19:47'),(55,'Jean','Douglas','amiya73@example.org','1-128-195-3780x930','2018-01-20 04:35:40','2021-04-29 20:19:47'),(56,'Destini','Streich','sweber@example.net','(554)098-8282x41308','2019-02-21 23:29:24','2021-04-29 20:19:47'),(57,'Troy','Durgan','hilll.xzavier@example.org','550-196-9150','2011-11-30 05:20:23','2021-04-29 20:19:47'),(58,'Peyton','Braun','bryana.mueller@example.net','347-433-6989x869','2021-02-25 08:44:42','2021-04-29 20:19:47'),(59,'Yvette','Bayer','monique.ziemann@example.org','479.655.5052x04257','2011-08-16 08:12:57','2019-10-26 12:33:51'),(60,'Verlie','Anderson','jadyn37@example.com','548-995-7377','2017-10-01 10:59:44','2021-04-29 20:19:47'),(61,'Destany','Bosco','hfeeney@example.org','125-142-3822x9898','2017-01-03 02:11:45','2021-04-29 20:19:47'),(62,'Curt','Nikolaus','kris74@example.org','04499688623','2017-11-18 14:21:09','2017-12-27 07:12:59'),(63,'Mallie','Rosenbaum','david.becker@example.com','1-017-711-4250','2013-08-14 01:12:25','2018-03-11 06:05:46'),(64,'Angel','Hayes','sipes.ari@example.org','1-688-731-0296','2015-09-08 02:01:56','2021-04-29 20:19:47'),(65,'Fausto','Goodwin','cprice@example.net','04284363601','2020-01-09 06:41:46','2021-04-29 20:19:47'),(66,'Mariam','Vandervort','kelton.brown@example.com','1-622-726-9474','2020-12-20 05:11:35','2021-04-29 20:19:47'),(67,'Claudie','Mills','kuphal.evie@example.org','(436)633-2743x0113','2012-10-13 22:52:34','2013-04-03 06:02:16'),(68,'Gabriel','Trantow','rgorczany@example.org','1-753-231-5484','2013-01-22 00:50:26','2015-01-07 08:33:00'),(69,'Wilber','Mueller','maxie.koepp@example.org','952.257.7777x97243','2011-05-01 15:38:54','2014-09-06 12:58:15'),(70,'Kaela','Cruickshank','felipa.kris@example.org','108.890.7655x85075','2012-01-20 04:21:47','2018-11-05 19:17:16'),(71,'Joe','Marquardt','keara11@example.org','180.340.5672x52164','2014-09-07 22:34:11','2017-08-27 20:28:52'),(72,'Rafaela','Wisozk','dusty.von@example.com','1-888-808-9066x90745','2016-03-14 06:47:59','2021-03-05 01:50:32'),(73,'Makenna','Satterfield','west.kianna@example.com','01934663899','2015-06-12 19:28:47','2021-04-29 20:19:47'),(74,'Dewayne','Ledner','prosacco.aron@example.net','1-881-826-1430x6208','2015-03-21 01:02:55','2021-04-29 20:19:47'),(75,'Madalyn','Cronin','wweissnat@example.org','05994685689','2018-03-14 04:41:20','2021-04-29 20:19:47'),(76,'Buck','Goldner','rocky08@example.org','063.058.3738x66556','2016-10-02 18:29:29','2016-12-15 21:46:48'),(77,'Maxie','Bergnaum','lakin.maud@example.com','1-875-549-6402x085','2012-09-08 14:23:10','2014-03-11 13:23:57'),(78,'Grayson','Nienow','betsy21@example.org','(849)707-4780x026','2020-06-29 10:39:54','2021-04-29 20:19:47'),(79,'Lamont','Baumbach','ozella95@example.com','(806)478-2324','2017-07-17 18:34:20','2019-09-28 11:01:12'),(80,'Allie','Hirthe','avis40@example.net','1-315-631-5539x6812','2018-02-21 11:02:05','2021-02-02 22:52:06'),(81,'Janet','Mohr','barry.king@example.org','(925)551-1404x858','2019-01-23 16:30:31','2021-04-29 20:19:47'),(82,'Nyah','Trantow','mohr.ottilie@example.com','(343)237-0144','2015-04-05 10:53:28','2021-04-29 20:19:47'),(83,'Nella','Torphy','dangelo.beahan@example.net','1-579-325-4904x6841','2018-07-13 00:51:04','2021-04-29 20:19:47'),(84,'Keven','Conn','price.o\'connell@example.com','02628543695','2016-08-18 17:17:49','2021-04-29 20:19:47'),(85,'Brandy','Gleichner','tess.treutel@example.com','756.493.3343x663','2015-03-15 21:13:21','2021-04-29 20:19:47'),(86,'Lily','Hansen','ken40@example.com','(211)872-2262','2013-12-23 14:04:07','2014-01-20 03:38:57'),(87,'Gabrielle','Schimmel','jettie.kuhn@example.org','506-187-8130','2011-11-03 12:48:15','2012-05-17 03:40:41'),(88,'Trudie','Grimes','iabbott@example.org','590-408-3985x387','2020-11-14 00:00:21','2021-04-29 20:19:47'),(89,'Anastasia','Weissnat','reinger.casper@example.net','(940)986-7014x9632','2012-07-30 19:07:52','2014-09-22 15:25:47'),(90,'Casimer','Stehr','henderson58@example.com','022.490.2547x759','2019-10-06 11:46:40','2021-04-29 20:19:47'),(91,'Dominic','Kuphal','herzog.london@example.com','1-512-412-5625x36670','2020-03-25 06:09:36','2021-04-29 20:19:47'),(92,'Carrie','Dare','elizabeth70@example.net','+30(1)7789870503','2021-01-18 08:33:52','2021-04-29 20:19:47'),(93,'Alexane','Hessel','lorenz.medhurst@example.com','1-355-614-6870x961','2013-02-21 12:14:38','2015-03-31 11:05:57'),(94,'Rossie','Erdman','ufranecki@example.net','240-216-4519x008','2020-05-04 00:17:39','2021-04-29 20:19:47'),(95,'Jerry','Stark','fmurray@example.net','1-220-925-4607x8566','2018-11-14 03:03:01','2021-04-29 20:19:47'),(96,'Marley','Williamson','lgreen@example.org','1-346-890-6180','2017-02-21 09:09:53','2018-10-03 00:36:33'),(97,'Arvid','Lockman','breitenberg.donny@example.net','1-899-203-2011','2018-11-28 17:17:45','2020-06-12 00:29:22'),(98,'Albertha','Maggio','corkery.angelica@example.org','056-044-5271x608','2019-08-17 17:34:47','2021-04-29 20:19:47'),(99,'Sandy','Raynor','stroman.dayne@example.org','(199)943-4263x2533','2016-05-04 08:12:02','2020-06-29 02:40:55'),(100,'Roderick','Goldner','jasen34@example.com','+04(3)8133278792','2011-07-09 07:50:09','2013-09-07 15:21:44');
/*!40000 ALTER TABLE `users` ENABLE KEYS */;
UNLOCK TABLES;

--
-- Final view structure for view `food`
--

/*!50001 DROP VIEW IF EXISTS `food`*/;
/*!50001 SET @saved_cs_client          = @@character_set_client */;
/*!50001 SET @saved_cs_results         = @@character_set_results */;
/*!50001 SET @saved_col_connection     = @@collation_connection */;
/*!50001 SET character_set_client      = utf8mb4 */;
/*!50001 SET character_set_results     = utf8mb4 */;
/*!50001 SET collation_connection      = utf8mb4_0900_ai_ci */;
/*!50001 CREATE ALGORITHM=UNDEFINED */
/*!50013 DEFINER=`root`@`localhost` SQL SECURITY DEFINER */
/*!50001 VIEW `food` AS select `products`.`id` AS `id`,`products`.`name` AS `name`,`products`.`price` AS `price`,`products`.`product_category` AS `product_category`,`products`.`warehouse_quantity` AS `warehouse_quantity` from `products` where (`products`.`product_category` = 'Корма') */;
/*!50001 SET character_set_client      = @saved_cs_client */;
/*!50001 SET character_set_results     = @saved_cs_results */;
/*!50001 SET collation_connection      = @saved_col_connection */;

--
-- Final view structure for view `order_delivery`
--

/*!50001 DROP VIEW IF EXISTS `order_delivery`*/;
/*!50001 SET @saved_cs_client          = @@character_set_client */;
/*!50001 SET @saved_cs_results         = @@character_set_results */;
/*!50001 SET @saved_col_connection     = @@collation_connection */;
/*!50001 SET character_set_client      = utf8mb4 */;
/*!50001 SET character_set_results     = utf8mb4 */;
/*!50001 SET collation_connection      = utf8mb4_0900_ai_ci */;
/*!50001 CREATE ALGORITHM=UNDEFINED */
/*!50013 DEFINER=`root`@`localhost` SQL SECURITY DEFINER */
/*!50001 VIEW `order_delivery` AS select `orders`.`id` AS `id`,`orders`.`order_status` AS `order_status`,`orders`.`user_id` AS `user_id`,`orders`.`country_id` AS `country_id`,`orders`.`created_at` AS `created_at` from `orders` where (`orders`.`order_status` = 'Оформлен') order by `orders`.`created_at` */;
/*!50001 SET character_set_client      = @saved_cs_client */;
/*!50001 SET character_set_results     = @saved_cs_results */;
/*!50001 SET collation_connection      = @saved_col_connection */;
/*!40103 SET TIME_ZONE=@OLD_TIME_ZONE */;

/*!40101 SET SQL_MODE=@OLD_SQL_MODE */;
/*!40014 SET FOREIGN_KEY_CHECKS=@OLD_FOREIGN_KEY_CHECKS */;
/*!40014 SET UNIQUE_CHECKS=@OLD_UNIQUE_CHECKS */;
/*!40101 SET CHARACTER_SET_CLIENT=@OLD_CHARACTER_SET_CLIENT */;
/*!40101 SET CHARACTER_SET_RESULTS=@OLD_CHARACTER_SET_RESULTS */;
/*!40101 SET COLLATION_CONNECTION=@OLD_COLLATION_CONNECTION */;
/*!40111 SET SQL_NOTES=@OLD_SQL_NOTES */;

-- Dump completed on 2021-06-24 23:22:06
